Metric,Value,Unit
Total Load Energy,131396.271293056,kWh
Total Unmet Energy,3635.71643547429,kWh
LPSP,0.0277374858382115,-
