Source,Energy_Supplied_kWh,Share_Percent
Solar PV (Useful),127760.554857582,97.2330139967477
Diesel Generator,3635.71643547429,2.7669860032523
Total Load,131396.271293056,100
